input_id,domain,name,unit_or_format,shape,allowed_source_class,validation_rule,model_layer,closure_gate,closure_state,prohibited_substitute,uncertainty_requirement
MIC-001,Q-Orbit,case identifier,identifier,scalar,configuration authority,non-empty; version controlled,control,GATE-CONFIG,CONTROLLED,"literature example, screening assumption or unlabeled value where physical evidence is required",explicit uncertainty/distribution and configuration identity unless state is controlled metadata
MIC-002,Q-Orbit,model/code version,hash/version,scalar,configuration repository,hash resolves to packaged artifact,control,GATE-CONFIG,CONTROLLED,"literature example, screening assumption or unlabeled value where physical evidence is required",explicit uncertainty/distribution and configuration identity unless state is controlled metadata
MIC-003,Q-Orbit,run epoch,UTC with scale,scalar,mission authority,parseable; leap/time-scale provenance,geometry,GATE-ORBIT,OPEN,"literature example, screening assumption or unlabeled value where physical evidence is required",explicit uncertainty/distribution and configuration identity unless state is controlled metadata
MIC-004,Q-Orbit,orbit state/product,CCSDS ODM + covariance,time series,mission orbit authority,coverage and frame/time metadata complete,geometry,GATE-ORBIT,OPEN,"literature example, screening assumption or unlabeled value where physical evidence is required",explicit uncertainty/distribution and configuration identity unless state is controlled metadata
MIC-005,Q-Orbit,Earth orientation parameters,IERS record,time series,IERS/mission authority,epoch coverage; version retained,geometry,GATE-ORBIT,OPEN,"literature example, screening assumption or unlabeled value where physical evidence is required",explicit uncertainty/distribution and configuration identity unless state is controlled metadata
MIC-006,Q-Orbit,station coordinates,m; datum/epoch,3-vector,signed survey,"datum, epoch and uncertainty present",geometry,GATE-SITE,OPEN,"literature example, screening assumption or unlabeled value where physical evidence is required",explicit uncertainty/distribution and configuration identity unless state is controlled metadata
MIC-007,Q-Orbit,measured horizon mask,deg az/el,profile,parcel survey,360-degree coverage + uncertainty,geometry,GATE-SITE,OPEN,"literature example, screening assumption or unlabeled value where physical evidence is required",explicit uncertainty/distribution and configuration identity unless state is controlled metadata
MIC-008,Q-Orbit,minimum elevation policy,deg,scalar,approved operations rule,0 < value < 90; separate from measured horizon,operations,GATE-OPS,OPEN,"literature example, screening assumption or unlabeled value where physical evidence is required",explicit uncertainty/distribution and configuration identity unless state is controlled metadata
MIC-009,Q-Orbit,cloud state/optical depth,dimensionless,time series,site instrument/provider,time aligned; uncertainty; no cloud treated as clear by default,atmosphere,GATE-ATM,OPEN,"literature example, screening assumption or unlabeled value where physical evidence is required",explicit uncertainty/distribution and configuration identity unless state is controlled metadata
MIC-010,Q-Orbit,aerosol optical depth,dimensionless at wavelength,time series,calibrated site/instrument,wavelength and uncertainty specified,atmosphere,GATE-ATM,OPEN,"literature example, screening assumption or unlabeled value where physical evidence is required",explicit uncertainty/distribution and configuration identity unless state is controlled metadata
MIC-011,Q-Orbit,precipitable water vapor,kg/m2 or mm,time series,calibrated site/instrument,units and time alignment,atmosphere,GATE-ATM,OPEN,"literature example, screening assumption or unlabeled value where physical evidence is required",explicit uncertainty/distribution and configuration identity unless state is controlled metadata
MIC-012,Q-Orbit,surface pressure,Pa,time series,calibrated met sensor,calibration and uncertainty,atmosphere,GATE-ATM,OPEN,"literature example, screening assumption or unlabeled value where physical evidence is required",explicit uncertainty/distribution and configuration identity unless state is controlled metadata
MIC-013,Q-Orbit,temperature,K,time series,calibrated met sensor,calibration and uncertainty,atmosphere,GATE-ATM,OPEN,"literature example, screening assumption or unlabeled value where physical evidence is required",explicit uncertainty/distribution and configuration identity unless state is controlled metadata
MIC-014,Q-Orbit,relative humidity,fraction,time series,calibrated met sensor,0..1 + calibration,atmosphere,GATE-ATM,OPEN,"literature example, screening assumption or unlabeled value where physical evidence is required",explicit uncertainty/distribution and configuration identity unless state is controlled metadata
MIC-015,Q-Orbit,wind speed/direction,m/s; deg,time series,calibrated met sensor,height/reference and uncertainty,operations,GATE-SITE,OPEN,"literature example, screening assumption or unlabeled value where physical evidence is required",explicit uncertainty/distribution and configuration identity unless state is controlled metadata
MIC-016,Q-Orbit,seeing/Fried parameter,arcsec or m at wavelength,time series,calibrated turbulence instrument,wavelength scaling and uncertainty,atmosphere,GATE-ATM,OPEN,"literature example, screening assumption or unlabeled value where physical evidence is required",explicit uncertainty/distribution and configuration identity unless state is controlled metadata
MIC-017,Q-Orbit,scintillation/turbulence profile,Cn2 profile,height/time series,calibrated turbulence instrument,vertical support and uncertainty,atmosphere,GATE-ATM,OPEN,"literature example, screening assumption or unlabeled value where physical evidence is required",explicit uncertainty/distribution and configuration identity unless state is controlled metadata
MIC-018,Q-Orbit,sky spectral radiance,W m-2 sr-1 nm-1,time/wavelength,calibrated radiometer,"band, FOV, time and uncertainty",background,GATE-ATM,OPEN,"literature example, screening assumption or unlabeled value where physical evidence is required",explicit uncertainty/distribution and configuration identity unless state is controlled metadata
MIC-019,Q-Orbit,quantum wavelength,nm,scalar,serialized source calibration,within characterized source/filter/detector band,optical,GATE-SOURCE,OPEN,"literature example, screening assumption or unlabeled value where physical evidence is required",explicit uncertainty/distribution and configuration identity unless state is controlled metadata
MIC-020,Q-Orbit,pulse repetition rate,Hz,scalar/time,serialized source characterization,>0; clock provenance,source,GATE-SOURCE,OPEN,"literature example, screening assumption or unlabeled value where physical evidence is required",explicit uncertainty/distribution and configuration identity unless state is controlled metadata
MIC-021,Q-Orbit,mean photon numbers,photons/pulse,3-vector,calibrated source statistics,mu1 > mu2 > mu3 = 0 with uncertainties,finite-key,GATE-SOURCE,OPEN,"literature example, screening assumption or unlabeled value where physical evidence is required",explicit uncertainty/distribution and configuration identity unless state is controlled metadata
MIC-022,Q-Orbit,intensity probabilities,fraction,3-vector,approved configuration,"each in (0,1); sum=1",finite-key,GATE-SECURITY,OPEN,"literature example, screening assumption or unlabeled value where physical evidence is required",explicit uncertainty/distribution and configuration identity unless state is controlled metadata
MIC-023,Q-Orbit,basis probabilities Alice/Bob,fraction,2-vector,approved configuration,"each in (0,1)",finite-key,GATE-SECURITY,OPEN,"literature example, screening assumption or unlabeled value where physical evidence is required",explicit uncertainty/distribution and configuration identity unless state is controlled metadata
MIC-024,Q-Orbit,phase randomization distribution,radian/statistical record,sample,source characterization,proof-compatible distribution and sample test,security,GATE-SOURCE,OPEN,"literature example, screening assumption or unlabeled value where physical evidence is required",explicit uncertainty/distribution and configuration identity unless state is controlled metadata
MIC-025,Q-Orbit,state preparation fidelity/error,fraction/matrix,state-dependent,source characterization,proof mapping and uncertainty,security,GATE-SOURCE,OPEN,"literature example, screening assumption or unlabeled value where physical evidence is required",explicit uncertainty/distribution and configuration identity unless state is controlled metadata
MIC-026,Q-Orbit,transmitter aperture,m,scalar,as-built metrology,>0 + clear aperture definition,optical,GATE-TERMINAL,OPEN,"literature example, screening assumption or unlabeled value where physical evidence is required",explicit uncertainty/distribution and configuration identity unless state is controlled metadata
MIC-027,Q-Orbit,beam divergence definition/value,rad,axes/distribution,far-field calibrated test,half/full-angle and percentile explicitly defined,optical,GATE-TERMINAL,OPEN,"literature example, screening assumption or unlabeled value where physical evidence is required",explicit uncertainty/distribution and configuration identity unless state is controlled metadata
MIC-028,Q-Orbit,transmit throughput,fraction,wavelength/state,end-to-end optical calibration,0..1 + uncertainty + boundary,optical,GATE-TERMINAL,OPEN,"literature example, screening assumption or unlabeled value where physical evidence is required",explicit uncertainty/distribution and configuration identity unless state is controlled metadata
MIC-029,Q-Orbit,transmit polarization extinction/fidelity,ratio/fraction,state-dependent,polarization test,proof mapping + uncertainty,security,GATE-SOURCE,OPEN,"literature example, screening assumption or unlabeled value where physical evidence is required",explicit uncertainty/distribution and configuration identity unless state is controlled metadata
MIC-030,Q-Orbit,pointing residual,rad per axis,time series/distribution,closed-loop PAT telemetry,"coordinate convention, bandwidth and uncertainty",PAT,GATE-PAT,OPEN,"literature example, screening assumption or unlabeled value where physical evidence is required",explicit uncertainty/distribution and configuration identity unless state is controlled metadata
MIC-031,Q-Orbit,acquisition availability/outages,events/time,time series,PAT campaign,state-machine timestamps complete,PAT,GATE-PAT,OPEN,"literature example, screening assumption or unlabeled value where physical evidence is required",explicit uncertainty/distribution and configuration identity unless state is controlled metadata
MIC-032,Q-Orbit,receiver aperture,m,scalar,as-built metrology,>0 + effective clear aperture,optical,GATE-TERMINAL,OPEN,"literature example, screening assumption or unlabeled value where physical evidence is required",explicit uncertainty/distribution and configuration identity unless state is controlled metadata
MIC-033,Q-Orbit,central obstruction/throughput map,fraction/map,2D/wavelength,pupil metrology,boundary and uncertainty,optical,GATE-TERMINAL,OPEN,"literature example, screening assumption or unlabeled value where physical evidence is required",explicit uncertainty/distribution and configuration identity unless state is controlled metadata
MIC-034,Q-Orbit,receiver optical throughput,fraction,wavelength/path,end-to-end calibration,0..1 + uncertainty + excluded components,optical,GATE-TERMINAL,OPEN,"literature example, screening assumption or unlabeled value where physical evidence is required",explicit uncertainty/distribution and configuration identity unless state is controlled metadata
MIC-035,Q-Orbit,spectral filter transfer,fraction,wavelength/angle/temp,filter calibration,full transfer function + conditions,optical,GATE-TERMINAL,OPEN,"literature example, screening assumption or unlabeled value where physical evidence is required",explicit uncertainty/distribution and configuration identity unless state is controlled metadata
MIC-036,Q-Orbit,field of view/spatial coupling,rad/fraction,angle/wavefront,coupling map,angular convention + uncertainty,optical,GATE-TERMINAL,OPEN,"literature example, screening assumption or unlabeled value where physical evidence is required",explicit uncertainty/distribution and configuration identity unless state is controlled metadata
MIC-037,Q-Orbit,temporal acceptance gate,s,window/profile,timing calibration,clock and detector response included,timing,GATE-TIME,OPEN,"literature example, screening assumption or unlabeled value where physical evidence is required",explicit uncertainty/distribution and configuration identity unless state is controlled metadata
MIC-038,Q-Orbit,polarization analyzer matrix,transfer/POVM,state/wavelength,receiver characterization,state mapping + uncertainty,security,GATE-SOURCE,OPEN,"literature example, screening assumption or unlabeled value where physical evidence is required",explicit uncertainty/distribution and configuration identity unless state is controlled metadata
MIC-039,Q-Orbit,detector efficiency,fraction,channel/wavelength/rate,calibrated detector system,0..1 + uncertainty + operating point,detector,GATE-DETECTOR,OPEN,"literature example, screening assumption or unlabeled value where physical evidence is required",explicit uncertainty/distribution and configuration identity unless state is controlled metadata
MIC-040,Q-Orbit,dark count rate,count/s,channel/temp,detector characterization,>=0 + operating point,detector,GATE-DETECTOR,OPEN,"literature example, screening assumption or unlabeled value where physical evidence is required",explicit uncertainty/distribution and configuration identity unless state is controlled metadata
MIC-041,Q-Orbit,background count rate,count/s,channel/time,site terminal measurement,>=0; linked to FOV/filter/gate/sky,detector,GATE-ATM,OPEN,"literature example, screening assumption or unlabeled value where physical evidence is required",explicit uncertainty/distribution and configuration identity unless state is controlled metadata
MIC-042,Q-Orbit,afterpulse probability/profile,fraction/time,channel/history,detector autocorrelation test,history and hold-off specified,detector,GATE-DETECTOR,OPEN,"literature example, screening assumption or unlabeled value where physical evidence is required",explicit uncertainty/distribution and configuration identity unless state is controlled metadata
MIC-043,Q-Orbit,dead/recovery time,s,channel/rate,detector characterization,>=0 + reset behavior,detector,GATE-DETECTOR,OPEN,"literature example, screening assumption or unlabeled value where physical evidence is required",explicit uncertainty/distribution and configuration identity unless state is controlled metadata
MIC-044,Q-Orbit,timing jitter,s,channel/rate,timing calibration,distribution + reference clock,detector,GATE-TIME,OPEN,"literature example, screening assumption or unlabeled value where physical evidence is required",explicit uncertainty/distribution and configuration identity unless state is controlled metadata
MIC-045,Q-Orbit,saturation/twilight/abnormal response,response map,rate/power/history,detector security test,safe response and model bound,security,GATE-DETECTOR,OPEN,"literature example, screening assumption or unlabeled value where physical evidence is required",explicit uncertainty/distribution and configuration identity unless state is controlled metadata
MIC-046,Q-Orbit,intrinsic QBER terms,fraction,component decomposition,source/receiver calibration,no double counting; uncertainty,finite-key,GATE-SOURCE,OPEN,"literature example, screening assumption or unlabeled value where physical evidence is required",explicit uncertainty/distribution and configuration identity unless state is controlled metadata
MIC-047,Q-Orbit,error-correction leakage,bit,per block,implemented transcript,measured disclosure + proof mapping,finite-key,GATE-SECURITY,OPEN,"literature example, screening assumption or unlabeled value where physical evidence is required",explicit uncertainty/distribution and configuration identity unless state is controlled metadata
MIC-048,Q-Orbit,secrecy/correctness allocations,dimensionless,budget,approved security target,positive; compositional accounting,finite-key,GATE-SECURITY,OPEN,"literature example, screening assumption or unlabeled value where physical evidence is required",explicit uncertainty/distribution and configuration identity unless state is controlled metadata
MIC-049,Q-Orbit,authentication cost/failure,bit/dimensionless,per transcript,implemented authentication,included in security budget,finite-key,GATE-SECURITY,OPEN,"literature example, screening assumption or unlabeled value where physical evidence is required",explicit uncertainty/distribution and configuration identity unless state is controlled metadata
MIC-050,Q-Orbit,release gate states,state,gate vector,controlled evidence system,all required gates PASS; no UNKNOWN,operations,GATE-KMS,CONTROLLED,"literature example, screening assumption or unlabeled value where physical evidence is required",explicit uncertainty/distribution and configuration identity unless state is controlled metadata
