profile_id,layer,item,controlled_value,unit_or_format,disposition,evidence_basis,acceptance_method,downstream_use,claim_limit
P-001,Topology,Direction,satellite-to-ground downlink,state,CONTROLLED,SRC-SIDHU-2022; SRC-LIAO-2017,Review architecture trace,Reference implementation definition; mission-model use only when applicable evidence gate closes,Not serialized hardware or operational performance
P-002,Trust,Alice location,satellite terminal,state,CONTROLLED,ADR-012-001,Review trust boundary,Reference implementation definition; mission-model use only when applicable evidence gate closes,Not serialized hardware or operational performance
P-003,Trust,Bob location,ground optical terminal,state,CONTROLLED,ADR-012-001,Review trust boundary,Reference implementation definition; mission-model use only when applicable evidence gate closes,Not serialized hardware or operational performance
P-004,Protocol,Family,efficient BB84,state,CONTROLLED,SRC-SIDHU-2022,Proof-profile review,Reference implementation definition; mission-model use only when applicable evidence gate closes,Not serialized hardware or operational performance
P-005,Source,Optical state class,phase-randomized weak coherent pulses,state,CONTROLLED-REQUIREMENT,SRC-SIDHU-2022,Source characterization,Reference implementation definition; mission-model use only when applicable evidence gate closes,Not serialized hardware or operational performance
P-006,Encoding,Degree of freedom,polarization,state,CONTROLLED-REFERENCE,SRC-LIAO-2017,State-fidelity test,Reference implementation definition; mission-model use only when applicable evidence gate closes,Not serialized hardware or operational performance
P-007,Encoding,X-basis logical states,H/V,state,CONTROLLED-REFERENCE,ADR-012-006,State mapping inspection,Reference implementation definition; mission-model use only when applicable evidence gate closes,Not serialized hardware or operational performance
P-008,Encoding,Z-basis logical states,D/A,state,CONTROLLED-REFERENCE,ADR-012-006,State mapping inspection,Reference implementation definition; mission-model use only when applicable evidence gate closes,Not serialized hardware or operational performance
P-009,Decoy,Intensity count,3,count,CONTROLLED,SRC-SIDHU-2022,Configuration test,Reference implementation definition; mission-model use only when applicable evidence gate closes,Not serialized hardware or operational performance
P-010,Decoy,Ordering,mu1 > mu2 > mu3 = 0,relation,CONTROLLED,SRC-SIDHU-2022,Input-domain test,Reference implementation definition; mission-model use only when applicable evidence gate closes,Not serialized hardware or operational performance
P-011,Decoy,Mean photon numbers,TBD,photons/pulse,OPEN,measured source statistics + proof profile,Calibrated source test,Reference implementation definition; mission-model use only when applicable evidence gate closes,Not serialized hardware or operational performance
P-012,Decoy,Intensity probabilities,TBD,fraction,OPEN,approved protocol configuration,Configuration and randomness test,Reference implementation definition; mission-model use only when applicable evidence gate closes,Not serialized hardware or operational performance
P-013,Basis,Selection mode,biased X/Z,state,CONTROLLED,SRC-SIDHU-2022,Configuration test,Reference implementation definition; mission-model use only when applicable evidence gate closes,Not serialized hardware or operational performance
P-014,Basis,Alice basis probabilities,TBD,fraction,OPEN,approved proof/profile,Configuration test,Reference implementation definition; mission-model use only when applicable evidence gate closes,Not serialized hardware or operational performance
P-015,Basis,Bob basis probabilities,TBD,fraction,OPEN,approved proof/profile,Configuration test,Reference implementation definition; mission-model use only when applicable evidence gate closes,Not serialized hardware or operational performance
P-016,Source,Pulse repetition rate,TBD,Hz,OPEN,serialized hardware characterization,Clocked count test,Reference implementation definition; mission-model use only when applicable evidence gate closes,Not serialized hardware or operational performance
P-017,Source,Pulse temporal envelope,TBD,s + waveform,OPEN,serialized hardware characterization,Time-resolved optical test,Reference implementation definition; mission-model use only when applicable evidence gate closes,Not serialized hardware or operational performance
P-018,Source,Phase-randomization evidence,TBD,test record,OPEN,source characterization,Phase-distribution test,Reference implementation definition; mission-model use only when applicable evidence gate closes,Not serialized hardware or operational performance
P-019,Source,State-dependent side-channel bounds,TBD,multi-domain,OPEN,security evaluation,Spectral/temporal/spatial distinguishability tests,Reference implementation definition; mission-model use only when applicable evidence gate closes,Not serialized hardware or operational performance
P-020,Optics,Quantum wavelength,TBD near-infrared trade,nm,OPEN-DESIGN-TARGET,trade + device + atmosphere evidence,Calibrated wavelength test,Reference implementation definition; mission-model use only when applicable evidence gate closes,Not serialized hardware or operational performance
P-021,Optics,Beacon wavelength,TBD,nm,OPEN-INHIBITED,safety-approved terminal design,Laser metrology and safety review,Reference implementation definition; mission-model use only when applicable evidence gate closes,Not serialized hardware or operational performance
P-022,Receiver,Basis-selection implementation,TBD active or passive,state,OPEN,receiver design + proof mapping,Optical path inspection/test,Reference implementation definition; mission-model use only when applicable evidence gate closes,Not serialized hardware or operational performance
P-023,Receiver,Detector technology,TBD,state,OPEN,trade + serialized detector evidence,Detector characterization,Reference implementation definition; mission-model use only when applicable evidence gate closes,Not serialized hardware or operational performance
P-024,Receiver,Logical detector outcomes,"basis, bit, timestamp, quality flags",schema,CONTROLLED-INTERFACE,ADR-012-012,Interface schema test,Reference implementation definition; mission-model use only when applicable evidence gate closes,Not serialized hardware or operational performance
P-025,Finite key,Block construction,single pass; constant protocol configuration per block,state,CONTROLLED-METHOD,SRC-SIDHU-2022,Run-manifest inspection,Reference implementation definition; mission-model use only when applicable evidence gate closes,Not serialized hardware or operational performance
P-026,Finite key,Statistical correction,inverse multiplicative Chernoff reference method,state,CONTROLLED-METHOD,SRC-SIDHU-2022,Independent equation comparison,Reference implementation definition; mission-model use only when applicable evidence gate closes,Not serialized hardware or operational performance
P-027,Finite key,Secrecy parameter,TBD,dimensionless,OPEN,approved security target,Proof/profile review,Reference implementation definition; mission-model use only when applicable evidence gate closes,Not serialized hardware or operational performance
P-028,Finite key,Correctness parameter,TBD,dimensionless,OPEN,approved security target,Proof/profile review,Reference implementation definition; mission-model use only when applicable evidence gate closes,Not serialized hardware or operational performance
P-029,Post-processing,Error-correction algorithm,TBD,state,OPEN,implementation + leakage accounting,Known-answer and leakage tests,Reference implementation definition; mission-model use only when applicable evidence gate closes,Not serialized hardware or operational performance
P-030,Post-processing,Privacy-amplification algorithm,TBD,state,OPEN,implementation + proof mapping,Known-answer and entropy tests,Reference implementation definition; mission-model use only when applicable evidence gate closes,Not serialized hardware or operational performance
P-031,Classical,Authentication construction,TBD,state,OPEN,security target + implementation,Forgery/failure-budget evaluation,Reference implementation definition; mission-model use only when applicable evidence gate closes,Not serialized hardware or operational performance
P-032,Key service,Release state,QUARANTINED until all release gates pass,state,CONTROLLED-FAIL-CLOSED,SRC-QO-R1,Fail-closed state-machine test,Reference implementation definition; mission-model use only when applicable evidence gate closes,Not serialized hardware or operational performance
P-033,Operations,Tabuk run,NOT RUN,state,BLOCKED,SRC-QO-R1,Gate audit,Reference implementation definition; mission-model use only when applicable evidence gate closes,Not serialized hardware or operational performance
P-034,Safety,Laser emission,INHIBITED,state,BLOCKED,SRC-QO-R1; SRC-IEC-60825-12,Independent safety interlock test when hardware exists,Reference implementation definition; mission-model use only when applicable evidence gate closes,Not serialized hardware or operational performance
P-035,Release,Distribution,PRIVATE-BLOCKED,state,BLOCKED,SRC-QO-R1,Release-authority review,Reference implementation definition; mission-model use only when applicable evidence gate closes,Not serialized hardware or operational performance
