limitation_id,domain,current_model_behavior,scientific_consequence,required_remediation,validation_case_ids,status,claim_effect
MDL-001,Optical,V0.7 wavelength is metadata and is not used by the reduced link equation.,Changing wavelength alone cannot change loss; no wavelength trade can be inferred.,"Implement wavelength-dependent diffraction, atmosphere, filters and detector response after evidence exists.",VAL-SW-013,OPEN-DISCLOSED,restrict quantitative output to model-based engineering analysis
MDL-002,Atmosphere,Atmosphere is zenith transmission raised to secant air mass.,"Clouds, aerosol spectral structure and near-horizon validity are not represented.",Cross-check radiative-transfer/CCSDS atmospheric model with local data.,VAL-EMP-012,OPEN-DISCLOSED,restrict quantitative output to model-based engineering analysis
MDL-003,Turbulence,"No turbulence time series, scintillation or wavefront coupling.",Mean loss can understate outages and count dispersion.,Add Cn2/seeing-driven propagation and empirical validation.,VAL-EMP-013,OPEN-DISCLOSED,restrict quantitative output to model-based engineering analysis
MDL-004,PAT,Pointing jitter is a stationary Gaussian-equivalent beam broadening term.,"Acquisition, bias, drift, bandwidth and outages are absent.",Ingest closed-loop residual time series and state logs.,VAL-EMP-010,OPEN-DISCLOSED,restrict quantitative output to model-based engineering analysis
MDL-005,Background,Extraneous counts are a fixed per-pulse probability.,"Sky radiance, FOV, filter, gate and elevation are not causally coupled.",Build measured radiance-to-count model.,VAL-EMP-014,OPEN-DISCLOSED,restrict quantitative output to model-based engineering analysis
MDL-006,Detector,"Efficiency multiplier, fixed afterpulse probability and fixed background summarize the detector.","Dead time, recovery, jitter, saturation, history and abnormal inputs are omitted.",Implement rate/history-dependent detector model after characterization.,VAL-EMP-004; VAL-EMP-005; VAL-EMP-006,OPEN-DISCLOSED,restrict quantitative output to model-based engineering analysis
MDL-007,Source,Ideal phase randomization and fixed intensities are assumed.,State leakage or imperfect phase/intensity control can invalidate proof assumptions.,Map measured source behavior to the selected proof/device model.,VAL-EMP-001; VAL-EMP-002,OPEN-DISCLOSED,restrict quantitative output to model-based engineering analysis
MDL-008,Polarization,"Intrinsic QBER aggregates source, alignment and polarization terms.",No state-resolved Mueller/POVM or dynamic compensation model.,Characterize transmitter states and receiver analyzer jointly.,VAL-EMP-003,OPEN-DISCLOSED,restrict quantitative output to model-based engineering analysis
MDL-009,Geometry,V0.7 is a synthetic circular two-body style orbit with simplified frame/time handling.,It is not authoritative ephemeris or precision pass prediction.,Compare against independent OD/ODM plus IERS transformations.,VAL-IND-002,OPEN-DISCLOSED,restrict quantitative output to model-based engineering analysis
MDL-010,Solar,Solar elevation is an approximate screening equation.,Twilight/background scheduling cannot be accepted from it.,Cross-check high-accuracy ephemeris and measured radiance.,VAL-IND-003,OPEN-DISCLOSED,restrict quantitative output to model-based engineering analysis
MDL-011,Uncertainty,"V0.7 Sobol ranges are uniform screening bounds, not calibrated PDFs.",Positive sample fraction is not availability/reliability.,Fit defensible distributions only from evidence and validate calibration.,VAL-EMP-016,OPEN-DISCLOSED,restrict quantitative output to model-based engineering analysis
MDL-012,Security,Finite-key equations are evaluated under a study device model and fixed assumptions.,Numerical reproduction does not validate implementation security or composable system security.,Formal proof-to-device mapping and implementation evaluation required.,VAL-SEC-001,OPEN-DISCLOSED,restrict quantitative output to model-based engineering analysis
MDL-013,KMS,Model stops at candidate key length and simplified gate outcomes.,"Key ownership, synchronization, inventory and consumption are not demonstrated.",Implement and test quarantined dual-end key lifecycle.,VAL-KMS-001,OPEN-DISCLOSED,restrict quantitative output to model-based engineering analysis
MDL-014,Site,"No Tabuk parcel, measured horizon or local optical data enters V0.12.",No Tabuk performance or availability conclusion is possible.,Close site/atmosphere/terminal/orbit/safety gates before any run.,VAL-OPS-003,OPEN-DISCLOSED,restrict quantitative output to model-based engineering analysis
