extraneous_count_probability_per_pulse,highest_grid_intrinsic_qber_with_positive_margin,positive_intrinsic_grid_points,intrinsic_grid_point_count,boundary_class
1e-07,0.015,41,41,GRID-RESOLUTION-NOT-ANALYTIC-THRESHOLD
1.4871794871794872e-07,0.015,41,41,GRID-RESOLUTION-NOT-ANALYTIC-THRESHOLD
1.9743589743589744e-07,0.015,41,41,GRID-RESOLUTION-NOT-ANALYTIC-THRESHOLD
2.461538461538461e-07,0.015,41,41,GRID-RESOLUTION-NOT-ANALYTIC-THRESHOLD
2.948717948717949e-07,0.015,41,41,GRID-RESOLUTION-NOT-ANALYTIC-THRESHOLD
3.4358974358974356e-07,0.015,41,41,GRID-RESOLUTION-NOT-ANALYTIC-THRESHOLD
3.923076923076923e-07,0.015,41,41,GRID-RESOLUTION-NOT-ANALYTIC-THRESHOLD
4.41025641025641e-07,0.014384615384615385,39,41,GRID-RESOLUTION-NOT-ANALYTIC-THRESHOLD
4.897435897435897e-07,0.013461538461538462,36,41,GRID-RESOLUTION-NOT-ANALYTIC-THRESHOLD
5e-07,0.013153846153846155,35,41,GRID-RESOLUTION-NOT-ANALYTIC-THRESHOLD
5.384615384615384e-07,0.012230769230769233,32,41,GRID-RESOLUTION-NOT-ANALYTIC-THRESHOLD
5.871794871794871e-07,0.011307692307692307,29,41,GRID-RESOLUTION-NOT-ANALYTIC-THRESHOLD
6.358974358974359e-07,0.010076923076923077,25,41,GRID-RESOLUTION-NOT-ANALYTIC-THRESHOLD
6.846153846153846e-07,0.009153846153846155,22,41,GRID-RESOLUTION-NOT-ANALYTIC-THRESHOLD
7.333333333333333e-07,0.00823076923076923,19,41,GRID-RESOLUTION-NOT-ANALYTIC-THRESHOLD
7.82051282051282e-07,0.007307692307692308,16,41,GRID-RESOLUTION-NOT-ANALYTIC-THRESHOLD
8.307692307692308e-07,0.006076923076923077,12,41,GRID-RESOLUTION-NOT-ANALYTIC-THRESHOLD
8.794871794871795e-07,0.005153846153846154,9,41,GRID-RESOLUTION-NOT-ANALYTIC-THRESHOLD
9.282051282051281e-07,0.004230769230769231,5,41,GRID-RESOLUTION-NOT-ANALYTIC-THRESHOLD
9.769230769230768e-07,0.003307692307692308,2,41,GRID-RESOLUTION-NOT-ANALYTIC-THRESHOLD
1.0256410256410257e-06,,0,41,GRID-RESOLUTION-NOT-ANALYTIC-THRESHOLD
1.0743589743589741e-06,,0,41,GRID-RESOLUTION-NOT-ANALYTIC-THRESHOLD
1.123076923076923e-06,,0,41,GRID-RESOLUTION-NOT-ANALYTIC-THRESHOLD
1.1717948717948719e-06,,0,41,GRID-RESOLUTION-NOT-ANALYTIC-THRESHOLD
1.2205128205128203e-06,,0,41,GRID-RESOLUTION-NOT-ANALYTIC-THRESHOLD
1.2692307692307692e-06,,0,41,GRID-RESOLUTION-NOT-ANALYTIC-THRESHOLD
1.3179487179487177e-06,,0,41,GRID-RESOLUTION-NOT-ANALYTIC-THRESHOLD
1.3666666666666666e-06,,0,41,GRID-RESOLUTION-NOT-ANALYTIC-THRESHOLD
1.4153846153846155e-06,,0,41,GRID-RESOLUTION-NOT-ANALYTIC-THRESHOLD
1.464102564102564e-06,,0,41,GRID-RESOLUTION-NOT-ANALYTIC-THRESHOLD
1.5128205128205128e-06,,0,41,GRID-RESOLUTION-NOT-ANALYTIC-THRESHOLD
1.5615384615384617e-06,,0,41,GRID-RESOLUTION-NOT-ANALYTIC-THRESHOLD
1.6102564102564101e-06,,0,41,GRID-RESOLUTION-NOT-ANALYTIC-THRESHOLD
1.658974358974359e-06,,0,41,GRID-RESOLUTION-NOT-ANALYTIC-THRESHOLD
1.7076923076923075e-06,,0,41,GRID-RESOLUTION-NOT-ANALYTIC-THRESHOLD
1.7564102564102563e-06,,0,41,GRID-RESOLUTION-NOT-ANALYTIC-THRESHOLD
1.8051282051282052e-06,,0,41,GRID-RESOLUTION-NOT-ANALYTIC-THRESHOLD
1.8538461538461537e-06,,0,41,GRID-RESOLUTION-NOT-ANALYTIC-THRESHOLD
1.9025641025641026e-06,,0,41,GRID-RESOLUTION-NOT-ANALYTIC-THRESHOLD
1.951282051282051e-06,,0,41,GRID-RESOLUTION-NOT-ANALYTIC-THRESHOLD
2e-06,,0,41,GRID-RESOLUTION-NOT-ANALYTIC-THRESHOLD
