source_id,source_type,citation_or_identity,locator,use_in_v0_16,applicability_limit
SRC-016-001,PRIMARY-PAPER,"J. S. Sidhu et al., Finite key effects in satellite quantum key distribution, npj Quantum Information 8, 18 (2022)",https://doi.org/10.1038/s41534-022-00525-3,Frozen finite-block efficient-BB84 WCP two-decoy mathematical basis and parameter-dependence context,Does not establish Q-Orbit device site or mission values
SRC-016-002,PRIMARY-PAPER,"S. Nahar et al., Imperfect phase randomization and generalized decoy-state quantum key distribution, Physical Review Applied 20, 064031 (2023)",https://doi.org/10.1103/PhysRevApplied.20.064031,Identifies phase-randomization and pulse-distribution assumptions requiring generalized treatment,No numerical penalty imported into the frozen Q-Orbit fixture
SRC-016-003,PRIMARY-PAPER,"F. Xu et al., Experimental quantum key distribution with source flaws, Physical Review A 92, 032305 (2015)",https://doi.org/10.1103/PhysRevA.92.032305,Supports explicit source-flaw characterization and proof integration,Experimental values are not Q-Orbit inputs
SRC-016-004,PRIMARY-PAPER,"E. Y.-Z. Tan and S. Nahar, Incorporating Device Characterization into Security Proofs, PRX Quantum 7, 020342 (2026)",https://doi.org/10.1103/f42p-524t,Framework basis for separating characterization conclusions from proof validity and requiring parameter-range linkage,Does not certify Q-Orbit devices or close any gate
SRC-016-005,CONTROLLED-INTERNAL,Q-Orbit CASE-S1 V0.6 manifest baseline implementation and loss curve,controlled_inputs/v0.6,Frozen numerical fixture and exact reproduction target,Modeled reference fixture only
SRC-016-006,CONTROLLED-INTERNAL,Q-Orbit V0.7 parameter and provenance register,controlled_inputs/v0.7,Source of p_ec and intrinsic-QBER screening ranges,Ranges are engineering screens not probability distributions
SRC-016-007,CONTROLLED-INTERNAL,Q-Orbit Chapters 6 and 7 V0.11R1,controlled_inputs/v0.11r1,Handbook method and claim-control baseline,Desk baseline only
SRC-016-008,CONTROLLED-INTERNAL,Q-Orbit terminal and model validation V0.12,controlled_inputs/v0.12,Protocol input contract and inherited limitation register,Physical empirical gates remain open
SRC-016-009,CONTROLLED-INTERNAL,Q-Orbit independent model comparison V0.13,controlled_inputs/v0.13,Numerical comparison and limitation inheritance,Verification not validation
SRC-016-010,CONTROLLED-INTERNAL,Q-Orbit serialized source and detector evidence acquisition V0.15-EA1,controlled_inputs/v0.15-ea1,Confirms zero acquired measurements and blocked physical gates,Acquisition contract only
