limitation_id,domain,limitation,scientific_consequence,required_remediation,status
LIM-016-001,Interpretation,The entire result is based on a modeled reference curve and expected counts,No empirical device site orbit or mission inference,Acquire evidence only if the project later leaves theoretical scope,OPEN-DISCLOSED
LIM-016-002,Model independence,V0.16 reuses the frozen V0.6 finite-key algebra and controlled loss curve,A shared model or assumption error is not detected by reproduction,Obtain an external independent proof and implementation review,OPEN-DISCLOSED
LIM-016-003,Arithmetic,Calculations use IEEE-754 binary64 through NumPy and SciPy,Alternate-precision and interval-arithmetic sensitivity are untested,Repeat critical boundaries with controlled higher precision,OPEN-DISCLOSED
LIM-016-004,Optimization,Only integer half-window is re-optimized while protocol probabilities and intensities remain frozen except for stated one-variable stresses,The result is not a global protocol optimum,Perform constrained joint optimization only after a proof profile is selected,OPEN-DISCLOSED
LIM-016-005,Local response,Response ranks use non-comparable declared steps of 0.1 dB or 1 percent relative,Rank is not a global or physical Sobol importance order,Use normalized proof-compatible uncertainty distributions if later justified,OPEN-DISCLOSED
LIM-016-006,Frontiers,One-parameter crossings freeze all other variables,They are not device thresholds tolerances or coupled feasibility boundaries,Use joint bounded optimization with evidence-backed feasible sets,OPEN-DISCLOSED
LIM-016-007,Grid,The 41 by 41 grid is uniform over V0.7 research ranges and is not sampled from calibrated distributions,Positive fraction is not reliability availability or probability,Fit distributions only from evidence and validate them,OPEN-DISCLOSED
LIM-016-008,Source,Full phase randomization and pulse-independence conditions are not established,Standard decoy-state applicability may fail,Select a generalized proof or certify the required source properties,UNMAPPED-BLOCKING
LIM-016-009,Source,State-preparation flaws leakage and correlations are not parameterized,Aggregate QBER cannot close these proof obligations,Select source-flaw and correlation-aware proof maps,UNMAPPED-BLOCKING
LIM-016-010,Detector,Efficiency is relative and afterpulse/background are scalar IID approximations,Dead time recovery jitter saturation and detector history are absent,Introduce a proof-compatible detector model,UNMAPPED-BLOCKING
LIM-016-011,Detector,Efficiency mismatch over channel time wavelength and polarization is absent,The receiver measurement model is incomplete,Select and bound a mismatch-aware model,UNMAPPED-BLOCKING
LIM-016-012,Certification,No device-parameter confidence region or certification failure probability is composed into a security budget,No characterization-to-proof guarantee exists,Define simultaneous coverage and compositional accounting,UNMAPPED-BLOCKING
LIM-016-013,Channel,Atmosphere turbulence pointing and background are not dynamically decomposed,The aggregate curve cannot predict Tabuk availability or outages,Retain NOT-RUN until a future evidence-backed case is frozen,OPEN-DISCLOSED
LIM-016-014,Security,Authentication privacy-amplification implementation endpoint security and KMS are not executed,No key-release or operational-security claim,Implement and test separately if physical scope is later authorized,OPEN-BLOCKING
LIM-016-015,Release,No external technical review or publication approval is present,Package remains private and preliminary,Obtain named review and release authorization before publication,PRIVATE-BLOCKED
