mapping_id,imperfection_or_parameter,current_numerical_representation,current_mapping_state,security_proof_dependency,numeric_penalty_applied,required_next_theoretical_action,claim_effect,primary_basis
MAP-001,Aggregate additional system loss,Constant dB offset applied to the frozen reference loss curve,MAPPED-STRESS-ONLY,Accepted only as a channel-model variable under the frozen finite-key fixture,YES-EXPLICIT-VARIATION,Retain as aggregate stress variable until a decomposed evidence-backed link model exists,No hardware or mission loss budget,Sidhu-2022 plus V0.6 fixture
MAP-002,Aggregate detector efficiency,Relative multiplier on the frozen aggregate efficiency curve,MAPPED-STRESS-ONLY,Proof calculation consumes detection statistics but this multiplier is not an absolute characterized efficiency,YES-EXPLICIT-VARIATION,Keep relative and separate from detector certification intervals,No detector specification or acceptance limit,Sidhu-2022 plus V0.12 MDL-006
MAP-003,Source repetition rate,Expected pulses per one-second slot,MAPPED-STRESS-ONLY,Valid only while omitted detector recovery saturation and timing effects are inapplicable,YES-EXPLICIT-VARIATION,Define a proof-compatible rate and detector-history model before device use,No clock-rate requirement,Sidhu-2022 plus V0.12 MDL-006
MAP-004,Signal mean intensity,Multiplier on the frozen non-vacuum signal intensity,MAPPED-STRESS-ONLY,Requires the selected weak-coherent-pulse and decoy-state assumptions,YES-EXPLICIT-VARIATION,Replace exact-value stress with bounded intensity statistics tied to the chosen proof,No source set point or tolerance,Sidhu-2022
MAP-005,Weak-decoy mean intensity,Multiplier on the frozen weak decoy intensity,MAPPED-STRESS-ONLY,Requires ordered three-intensity decoy algebra with a vacuum state,YES-EXPLICIT-VARIATION,Replace exact-value stress with bounded intensity statistics tied to the chosen proof,No source set point or tolerance,Sidhu-2022
MAP-006,Phase randomization,Ideal full phase randomization remains assumed,UNMAPPED-PROOF-REQUIRED,Standard decoy analysis can be invalid when pulses are not fully phase randomized,NO-SUBSTITUTION,Select and implement a generalized proof or establish a defensible phase-randomization certificate,Blocks implementation-security claim,Nahar-2023
MAP-007,Pulse independence and intensity correlations,Pulses are treated as independent expected-count samples,UNMAPPED-PROOF-REQUIRED,Standard decoy assumptions may not cover correlated or non-identically distributed pulses,NO-SUBSTITUTION,Select a correlation-aware source model and proof-compatible bounds,Blocks implementation-security claim,Nahar-2023
MAP-008,State-preparation flaws and side-channel states,Collapsed into aggregate intrinsic QBER only,UNMAPPED-PROOF-REQUIRED,QBER does not by itself bound all prepared-state deviations or side-channel distinguishability,NO-SUBSTITUTION,Select a source-flaw-tolerant proof and parameterization,Blocks implementation-security claim,Xu-2015 plus V0.12 MDL-007/008
MAP-009,Extraneous count probability,Fixed IID probability per pulse,MAPPED-IID-STRESS-ONLY,Finite-key calculation consumes the aggregate term but does not establish its physical decomposition or stationarity,YES-EXPLICIT-VARIATION,Define a time/elevation dependent background-dark-count model if later required,No dark-count or background specification,Sidhu-2022 plus V0.12 MDL-005
MAP-010,Afterpulse probability,Single scalar probability per detection,PARTIAL-SCALAR-STRESS,History dependence recovery and correlations are omitted,YES-EXPLICIT-VARIATION,Define a detector-history model and prove compatibility with the finite-key treatment,No afterpulse acceptance threshold,V0.12 MDL-006
MAP-011,Intrinsic QBER,Aggregate source alignment polarization and measurement error fraction,MAPPED-AGGREGATE-STRESS-ONLY,Aggregate QBER cannot certify individual physical mechanisms or all side channels,YES-EXPLICIT-VARIATION,Decompose only after a proof-compatible device model is selected,No optical alignment or detector requirement,Sidhu-2022 plus V0.12 MDL-008
MAP-012,Detector dead time recovery saturation and timing jitter,Absent,UNMAPPED-MODEL-REQUIRED,Count statistics may become rate- and history-dependent,NO-SUBSTITUTION,Introduce a validated event-history detector model before physical interpretation,Blocks detector and rate claims,V0.12 MDL-006
MAP-013,Detector efficiency mismatch across channels time or polarization,Absent,UNMAPPED-PROOF-REQUIRED,Mismatch can affect the applicable measurement model and security proof,NO-SUBSTITUTION,Select a mismatch-aware measurement model and proof treatment,Blocks implementation-security claim,V0.12 MDL-006/008
MAP-014,Device-characterization confidence and model-parameter coverage,Absent,UNMAPPED-SECURITY-BUDGET,Practical proof use requires justified parameter ranges and a rigorous link between certification conclusions and the proof,NO-SUBSTITUTION,Define simultaneous confidence coverage and compose its failure probability with the selected security statement,Blocks certification and composable-security claim,Tan-and-Nahar-2026
MAP-015,Memory across protocol instances and device aging,Absent,UNMAPPED-MODEL-REQUIRED,Per-instance parameter values cannot silently be assumed stable across future executions,NO-SUBSTITUTION,Define validity interval drift monitoring and proof assumptions before operational use,Blocks persistent operational claim,Tan-and-Nahar-2026
MAP-016,Alternative finite-size security proof,Frozen Sidhu-profile algebra retained,ALTERNATIVE-NOT-SELECTED,Changing proof families changes assumptions bounds and possibly protocol semantics,NO-SUBSTITUTION,Perform a separate proof-selection trade before replacing the frozen profile,No proof migration or security upgrade,Configuration control
