controlled_input_id,predecessor_version,file_name,controlled_path,sha256,size_bytes,purpose,identity_state
CI-016-001,v0.11r1,Q-Orbit_Engineering_Design_Handbook_V0.11R1_Chapter_6.md,v0.11r1/Q-Orbit_Engineering_Design_Handbook_V0.11R1_Chapter_6.md,349950842557e2c8485904c083fc89439a5f270477531d07c44006d0c76887bd,45262,Handbook Chapters 6 and 7 method and claim boundary,HASH-RECORDED
CI-016-002,v0.11r1,Q-Orbit_Engineering_Design_Handbook_V0.11R1_Chapter_7.md,v0.11r1/Q-Orbit_Engineering_Design_Handbook_V0.11R1_Chapter_7.md,38c0cb7ba0582e656050b421ff11abe3ec01d0db921181235a4b206e1ca4f417,26128,Handbook Chapters 6 and 7 method and claim boundary,HASH-RECORDED
CI-016-003,v0.12,Q-Orbit_Model_Input_Contract_V0.12.csv,v0.12/Q-Orbit_Model_Input_Contract_V0.12.csv,f84561e31862a4f68738835e62b9157170ba60c1e4d341adbd33e379492f2029,17341,"Protocol profile, model input contract, limitation register and audit",HASH-RECORDED
CI-016-004,v0.12,Q-Orbit_Model_Limitation_Register_V0.12.csv,v0.12/Q-Orbit_Model_Limitation_Register_V0.12.csv,ffa6204e28efcdcb44be2fd6d2a4cf8880bac16a35fd0e2f3b4791040410c045,4628,"Protocol profile, model input contract, limitation register and audit",HASH-RECORDED
CI-016-005,v0.12,Q-Orbit_Protocol_Implementation_Profile_V0.12.csv,v0.12/Q-Orbit_Protocol_Implementation_Profile_V0.12.csv,bf0e1586f95cfcf02abaac767a3d3579d4a98298a6f1ee01474cb6cc20851eff,9402,"Protocol profile, model input contract, limitation register and audit",HASH-RECORDED
CI-016-006,v0.12,Q-Orbit_QKD_Terminal_and_Model_Validation_Final_Audit_V0.12.json,v0.12/Q-Orbit_QKD_Terminal_and_Model_Validation_Final_Audit_V0.12.json,6e0b53dd85cd973971af7a92edf4e51782bc416d90b3376b0a2d779bc04a0431,15422,"Protocol profile, model input contract, limitation register and audit",HASH-RECORDED
CI-016-007,v0.13,Q-Orbit_Independent_Model_Comparison_Final_Audit_V0.13.json,v0.13/Q-Orbit_Independent_Model_Comparison_Final_Audit_V0.13.json,2783f6c37405272d5389b31c9c5c6d31d28b85b70582513ee067ed551941fa8e,8030,"Independent numerical-comparison contract, limitations and audit",HASH-RECORDED
CI-016-008,v0.13,Q-Orbit_V0.13_Limitation_Register.csv,v0.13/Q-Orbit_V0.13_Limitation_Register.csv,1a840739d5acc65c0db5ba7a5fcf1886544ef5cdd6f3da6df9ac1dff92b493bc,1727,"Independent numerical-comparison contract, limitations and audit",HASH-RECORDED
CI-016-009,v0.13,Q-Orbit_V0.13_Mathematical_Contract.csv,v0.13/Q-Orbit_V0.13_Mathematical_Contract.csv,4b48c6137a20f9b107143f6c6823dbf3177c078e4d8fdc5b0e6ccdd5abd87591,3101,"Independent numerical-comparison contract, limitations and audit",HASH-RECORDED
CI-016-010,v0.15-ea1,Q-Orbit_Serialized_Source_and_Detector_Evidence_Acquisition_Final_Audit_V0.15-EA1.json,v0.15-ea1/Q-Orbit_Serialized_Source_and_Detector_Evidence_Acquisition_Final_Audit_V0.15-EA1.json,76aaa4822d4560803a85403f48f248a870ef7e7351e71b02c34a8a13e10fdda2,10169,Evidence-acquisition identity and proof that physical evidence remains absent,HASH-RECORDED
CI-016-011,v0.15-ea1,Q-Orbit_Serialized_Source_and_Detector_Evidence_Acquisition_Manifest_V0.15-EA1.json,v0.15-ea1/Q-Orbit_Serialized_Source_and_Detector_Evidence_Acquisition_Manifest_V0.15-EA1.json,158f67359805d28e8ac9022ca75643b789d33c2c20a09ef41e2342fcbe9fa4ae,1186,Evidence-acquisition identity and proof that physical evidence remains absent,HASH-RECORDED
CI-016-012,v0.15-ea1,Q-Orbit_V0.15-EA1_Test_Matrix.csv,v0.15-ea1/Q-Orbit_V0.15-EA1_Test_Matrix.csv,918e248e33833d9eb0be79d405af1df0746da2af094f079c7ef5a0d7a009dcf3,12732,Evidence-acquisition identity and proof that physical evidence remains absent,HASH-RECORDED
CI-016-013,v0.6,CASE-S1-REF-001_Baseline_Run_V0.6.json,v0.6/CASE-S1-REF-001_Baseline_Run_V0.6.json,3673acf4d9a737235a6bcd6facc0886d6b609760559fc548cf52d8c542632a33,3063,"Frozen finite-key fixture, loss curve, baseline and reference implementation",HASH-RECORDED
CI-016-014,v0.6,FS_loss_XI0.csv,v0.6/FS_loss_XI0.csv,2d8eca7992d0fe738bf25c1896b1aa5efe39fd81805fbf84464863f3777b5874,20282,"Frozen finite-key fixture, loss curve, baseline and reference implementation",HASH-RECORDED
CI-016-015,v0.6,Q-Orbit_CASE-S1_Run_Manifest_V0.6.json,v0.6/Q-Orbit_CASE-S1_Run_Manifest_V0.6.json,0714d6e76ff416cbb28f05817dd4f6e690b6657e4922a30b4896fb1c347c8583,9428,"Frozen finite-key fixture, loss curve, baseline and reference implementation",HASH-RECORDED
CI-016-016,v0.6,qorbit_sim_v0_6.py,v0.6/qorbit_sim_v0_6.py,d6f7df8126589eeb11c2e9d6e04561ee66b9b2774b069481e9a0c2527788dbd4,20978,"Frozen finite-key fixture, loss curve, baseline and reference implementation",HASH-RECORDED
CI-016-017,v0.7,Q-Orbit_CASE-M1_Parameter_and_Provenance_Register_V0.7.csv,v0.7/Q-Orbit_CASE-M1_Parameter_and_Provenance_Register_V0.7.csv,fb07b900966085b6b1dccbc6bc451251d6ab41c6580e30493848a7c57a0b89db,23845,Controlled engineering screening ranges for the coupled grid,HASH-RECORDED
