parameter_id,parameter,side,unit,baseline_value,declared_domain_endpoint,frontier_state,frontier_or_last_valid_value,last_positive_signed_margin_bits,optimized_half_window_s,qber_x,phase_error_x,interpretation
TH-PAR-001,additional_system_loss_db,LOW,dB,13.0,0.0,NO-CROSSING-IN-DECLARED-DOMAIN,0.0,3854923.2009280236,221,0.006527442260591679,0.015780330149818167,One-parameter software-fixture frontier only; not a hardware acceptance threshold.
TH-PAR-001,additional_system_loss_db,HIGH,dB,13.0,60.0,CROSSING-FOUND,14.507927510764345,2.2333638918099723,79,0.02030178777077425,0.14911993506955362,One-parameter software-fixture frontier only; not a hardware acceptance threshold.
TH-PAR-002,detector_efficiency_multiplier,LOW,dimensionless,1.0,0.001,CROSSING-FOUND,0.7066475976286939,1.208638221305705,79,0.020301932035727954,0.14912236423277622,One-parameter software-fixture frontier only; not a hardware acceptance threshold.
TH-PAR-002,detector_efficiency_multiplier,HIGH,dimensionless,1.0,2.0,NO-CROSSING-IN-DECLARED-DOMAIN,2.0,205565.70232643915,160,0.013466340990210213,0.05208389234534006,One-parameter software-fixture frontier only; not a hardware acceptance threshold.
TH-PAR-003,source_repetition_rate_hz,LOW,Hz,100000000.0,1000.0,CROSSING-FOUND,48667724.15475333,2.8442726383510717,97,0.017115531349785343,0.16168375316649583,One-parameter software-fixture frontier only; not a hardware acceptance threshold.
TH-PAR-003,source_repetition_rate_hz,HIGH,Hz,100000000.0,1000000000.0,NO-CROSSING-IN-DECLARED-DOMAIN,1000000000.0,920380.7803782747,132,0.019334115705091724,0.049200853741078354,One-parameter software-fixture frontier only; not a hardware acceptance threshold.
TH-PAR-004,signal_intensity_multiplier,LOW,dimensionless,1.0,0.21552464335311194,CROSSING-FOUND,0.44575037237285703,1.0659958977377073,94,0.029104385366466645,0.17861507377900393,One-parameter software-fixture frontier only; not a hardware acceptance threshold.
TH-PAR-004,signal_intensity_multiplier,HIGH,dimensionless,1.0,5.0,CROSSING-FOUND,1.6561059731919194,1.0663029570423532e-08,73,0.011835522375127899,0.12238175654148663,One-parameter software-fixture frontier only; not a hardware acceptance threshold.
TH-PAR-005,decoy_intensity_multiplier,LOW,dimensionless,1.0,0.001,CROSSING-FOUND,0.31670139119240703,3.439720330788987e-08,96,0.017435890349746196,0.16966901642203255,One-parameter software-fixture frontier only; not a hardware acceptance threshold.
TH-PAR-005,decoy_intensity_multiplier,HIGH,dimensionless,1.0,4.639840597539544,CROSSING-FOUND,2.295522216418342,3.751665644813329e-12,90,0.016053493234125357,0.14938689947315995,One-parameter software-fixture frontier only; not a hardware acceptance threshold.
TH-PAR-006,extraneous_count_probability_per_pulse,LOW,probability/pulse,5e-07,1e-10,NO-CROSSING-IN-DECLARED-DOMAIN,1e-10,164733.3529158172,221,0.005499131699768695,0.02781808364433367,One-parameter software-fixture frontier only; not a hardware acceptance threshold.
TH-PAR-006,extraneous_count_probability_per_pulse,HIGH,probability/pulse,5e-07,0.05,CROSSING-FOUND,8.958206093312436e-07,2.880147917494469e-06,67,0.022945743225429475,0.14050630080257243,One-parameter software-fixture frontier only; not a hardware acceptance threshold.
TH-PAR-007,afterpulse_probability,LOW,probability/detection,0.001,1e-08,NO-CROSSING-IN-DECLARED-DOMAIN,1e-08,44030.32970422721,103,0.0170016035166296,0.09063572733358215,One-parameter software-fixture frontier only; not a hardware acceptance threshold.
TH-PAR-007,afterpulse_probability,HIGH,probability/detection,0.001,0.49,CROSSING-FOUND,0.018119606663556664,3.3426181130236046,81,0.02446197686799983,0.1300432492761181,One-parameter software-fixture frontier only; not a hardware acceptance threshold.
TH-PAR-008,intrinsic_qber_fraction,LOW,fraction,0.005,1e-08,NO-CROSSING-IN-DECLARED-DOMAIN,1e-08,71094.9076208301,111,0.013116295797408799,0.07147545635640773,One-parameter software-fixture frontier only; not a hardware acceptance threshold.
TH-PAR-008,intrinsic_qber_fraction,HIGH,fraction,0.005,0.49,CROSSING-FOUND,0.013335017073411072,2.0301632452066087,81,0.02431261212362406,0.13053937077875338,One-parameter software-fixture frontier only; not a hardware acceptance threshold.
