parameter_id,name,category,value,units,source_class,source_id,provenance_limit,uncertainty_or_screening_range,freeze_state,status,change_record
SITE-001,latitude_deg,site,24.7136,deg,engineering decision,SRC-QO-SITE-DECISION,"not surveyed, owned, authorized, or assessed for horizon, weather, clouds, light, access, or laser safety",not assigned,frozen-for-synthetic-mission-screening,CONTROLLED-ASSUMPTION,V0.7; 2026-08-20; initial controlled mission-case evidence build
SITE-002,longitude_deg_east,site,46.6753,deg east,engineering decision,SRC-QO-SITE-DECISION,"not surveyed, owned, authorized, or assessed for horizon, weather, clouds, light, access, or laser safety",not assigned,frozen-for-synthetic-mission-screening,CONTROLLED-ASSUMPTION,V0.7; 2026-08-20; initial controlled mission-case evidence build
SITE-003,ellipsoidal_height_m,site,612.0,m,engineering decision,SRC-QO-SITE-DECISION,Not surveyed; height is a screening input.,not assigned,frozen-for-synthetic-mission-screening,CONTROLLED-ASSUMPTION,V0.7; 2026-08-20; initial controlled mission-case evidence build
SITE-004,datum,site,WGS 84,text,official geodetic standard,SRC-WGS84-NGA,Datum selection does not validate the modeling point.,not assigned,frozen-for-synthetic-mission-screening,CONTROLLED-METHOD,V0.7; 2026-08-20; initial controlled mission-case evidence build
EARTH-001,wgs84_semi_major_axis_m,earth-time,6378137.0,m,standard or explicit approximation,SRC-WGS84-NGA; SRC-IERS-TN36,"not an IERS Earth-orientation implementation and not suitable for operations, pointing, or orbit determination",not assigned,frozen-for-synthetic-mission-screening,CONTROLLED-CONSTANT,V0.7; 2026-08-20; initial controlled mission-case evidence build
EARTH-002,wgs84_inverse_flattening,earth-time,298.257223563,dimensionless,standard or explicit approximation,SRC-WGS84-NGA; SRC-IERS-TN36,"not an IERS Earth-orientation implementation and not suitable for operations, pointing, or orbit determination",not assigned,frozen-for-synthetic-mission-screening,CONTROLLED-CONSTANT,V0.7; 2026-08-20; initial controlled mission-case evidence build
EARTH-003,wgs84_gravitational_parameter_m3_s2,earth-time,398600441800000.0,m^3/s^2,standard or explicit approximation,SRC-WGS84-NGA; SRC-IERS-TN36,"not an IERS Earth-orientation implementation and not suitable for operations, pointing, or orbit determination",not assigned,frozen-for-synthetic-mission-screening,CONTROLLED-CONSTANT,V0.7; 2026-08-20; initial controlled mission-case evidence build
EARTH-004,earth_rotation_rate_rad_s,earth-time,7.292115e-05,rad/s,standard or explicit approximation,SRC-WGS84-NGA; SRC-IERS-TN36,"not an IERS Earth-orientation implementation and not suitable for operations, pointing, or orbit determination",not assigned,frozen-for-synthetic-mission-screening,CONTROLLED-CONSTANT,V0.7; 2026-08-20; initial controlled mission-case evidence build
EARTH-005,utc_to_ut1_assumption_s,earth-time,0.0,s,standard or explicit approximation,SRC-WGS84-NGA; SRC-IERS-TN36,"not an IERS Earth-orientation implementation and not suitable for operations, pointing, or orbit determination",not assigned,frozen-for-synthetic-mission-screening,CONTROLLED-APPROXIMATION,V0.7; 2026-08-20; initial controlled mission-case evidence build
EARTH-006,polar_motion_assumption_rad,earth-time,0.0,rad,standard or explicit approximation,SRC-WGS84-NGA; SRC-IERS-TN36,"not an IERS Earth-orientation implementation and not suitable for operations, pointing, or orbit determination",not assigned,frozen-for-synthetic-mission-screening,CONTROLLED-APPROXIMATION,V0.7; 2026-08-20; initial controlled mission-case evidence build
ORB-001,epoch_utc,orbit,2026-09-01T00:00:00Z,UTC,engineering decision,SRC-QO-ORBIT-DECISION; SRC-CCSDS-ODM,geometry and evidence-pipeline screening only; not an ephemeris or access schedule,not assigned,frozen-for-synthetic-mission-screening,CONTROLLED-SYNTHETIC,V0.7; 2026-08-20; initial controlled mission-case evidence build
ORB-002,reference_frame,orbit,screening inertial frame rotated to WGS 84 ECEF with approximate GMST,text,engineering decision,SRC-QO-ORBIT-DECISION; SRC-CCSDS-ODM,geometry and evidence-pipeline screening only; not an ephemeris or access schedule,not assigned,frozen-for-synthetic-mission-screening,CONTROLLED-SYNTHETIC,V0.7; 2026-08-20; initial controlled mission-case evidence build
ORB-003,propagation_method,orbit,unperturbed circular two-body Kepler propagation plus Earth rotation,text,engineering decision,SRC-QO-ORBIT-DECISION; SRC-CCSDS-ODM,geometry and evidence-pipeline screening only; not an ephemeris or access schedule,not assigned,frozen-for-synthetic-mission-screening,CONTROLLED-SYNTHETIC,V0.7; 2026-08-20; initial controlled mission-case evidence build
ORB-004,semi_major_axis_m,orbit,6975035.149783449,m,engineering decision,SRC-QO-ORBIT-DECISION; SRC-CCSDS-ODM,geometry and evidence-pipeline screening only; not an ephemeris or access schedule,not assigned,frozen-for-synthetic-mission-screening,CONTROLLED-SYNTHETIC,V0.7; 2026-08-20; initial controlled mission-case evidence build
ORB-005,eccentricity,orbit,0.0,dimensionless,engineering decision,SRC-QO-ORBIT-DECISION; SRC-CCSDS-ODM,geometry and evidence-pipeline screening only; not an ephemeris or access schedule,not assigned,frozen-for-synthetic-mission-screening,CONTROLLED-SYNTHETIC,V0.7; 2026-08-20; initial controlled mission-case evidence build
ORB-006,inclination_deg,orbit,97.8,deg,engineering decision,SRC-QO-ORBIT-DECISION; SRC-CCSDS-ODM,geometry and evidence-pipeline screening only; not an ephemeris or access schedule,not assigned,frozen-for-synthetic-mission-screening,CONTROLLED-SYNTHETIC,V0.7; 2026-08-20; initial controlled mission-case evidence build
ORB-007,raan_deg,orbit,30.44090687786947,deg,engineering decision,SRC-QO-ORBIT-DECISION; SRC-CCSDS-ODM,geometry and evidence-pipeline screening only; not an ephemeris or access schedule,not assigned,frozen-for-synthetic-mission-screening,CONTROLLED-SYNTHETIC,V0.7; 2026-08-20; initial controlled mission-case evidence build
ORB-008,argument_of_perigee_deg,orbit,0.0,deg,engineering decision,SRC-QO-ORBIT-DECISION; SRC-CCSDS-ODM,geometry and evidence-pipeline screening only; not an ephemeris or access schedule,not assigned,frozen-for-synthetic-mission-screening,CONTROLLED-SYNTHETIC,V0.7; 2026-08-20; initial controlled mission-case evidence build
ORB-009,mean_anomaly_deg,orbit,24.825303467520566,deg,engineering decision,SRC-QO-ORBIT-DECISION; SRC-CCSDS-ODM,geometry and evidence-pipeline screening only; not an ephemeris or access schedule,not assigned,frozen-for-synthetic-mission-screening,CONTROLLED-SYNTHETIC,V0.7; 2026-08-20; initial controlled mission-case evidence build
ORB-010,nominal_overhead_height_m,orbit,600000.0,m,engineering decision,SRC-QO-ORBIT-DECISION; SRC-CCSDS-ODM,geometry and evidence-pipeline screening only; not an ephemeris or access schedule,not assigned,frozen-for-synthetic-mission-screening,CONTROLLED-SYNTHETIC,V0.7; 2026-08-20; initial controlled mission-case evidence build
ORB-011,analysis_start_offset_s,orbit,-43200,s,engineering decision,SRC-QO-ORBIT-DECISION; SRC-CCSDS-ODM,geometry and evidence-pipeline screening only; not an ephemeris or access schedule,not assigned,frozen-for-synthetic-mission-screening,CONTROLLED-SYNTHETIC,V0.7; 2026-08-20; initial controlled mission-case evidence build
ORB-012,analysis_end_offset_s,orbit,43200,s,engineering decision,SRC-QO-ORBIT-DECISION; SRC-CCSDS-ODM,geometry and evidence-pipeline screening only; not an ephemeris or access schedule,not assigned,frozen-for-synthetic-mission-screening,CONTROLLED-SYNTHETIC,V0.7; 2026-08-20; initial controlled mission-case evidence build
ORB-013,catalog_step_s,orbit,1,s,engineering decision,SRC-QO-ORBIT-DECISION; SRC-CCSDS-ODM,geometry and evidence-pipeline screening only; not an ephemeris or access schedule,not assigned,frozen-for-synthetic-mission-screening,CONTROLLED-SYNTHETIC,V0.7; 2026-08-20; initial controlled mission-case evidence build
ORB-014,selected_pass_step_s,orbit,1,s,engineering decision,SRC-QO-ORBIT-DECISION; SRC-CCSDS-ODM,geometry and evidence-pipeline screening only; not an ephemeris or access schedule,not assigned,frozen-for-synthetic-mission-screening,CONTROLLED-SYNTHETIC,V0.7; 2026-08-20; initial controlled mission-case evidence build
ORB-015,minimum_elevation_deg,orbit,10.0,deg,engineering decision,SRC-QO-ORBIT-DECISION; SRC-CCSDS-ODM,geometry and evidence-pipeline screening only; not an ephemeris or access schedule,not assigned,frozen-for-synthetic-mission-screening,CONTROLLED-SYNTHETIC,V0.7; 2026-08-20; initial controlled mission-case evidence build
LINK-001,direction,link,satellite-to-ground downlink,text,literature-informed engineering assumption,SRC-BOURGOIN-2013,"screening mean-loss model; excludes turbulence time series, scintillation, wavefront coupling, weather, clouds, radiance, detector saturation/dead time, acquisition, tracking outages, and terminal thermal/structural effects",not assigned,frozen-for-synthetic-mission-screening,CONTROLLED-ASSUMPTION,V0.7; 2026-08-20; initial controlled mission-case evidence build
LINK-002,wavelength_nm,link,785.0,nm,literature-informed engineering assumption,SRC-BOURGOIN-2013,"screening mean-loss model; excludes turbulence time series, scintillation, wavefront coupling, weather, clouds, radiance, detector saturation/dead time, acquisition, tracking outages, and terminal thermal/structural effects",not assigned,frozen-for-synthetic-mission-screening,CONTROLLED-ASSUMPTION,V0.7; 2026-08-20; initial controlled mission-case evidence build
LINK-003,transmitter_aperture_diameter_m,link,0.1,m,literature-informed engineering assumption,SRC-BOURGOIN-2013,"screening mean-loss model; excludes turbulence time series, scintillation, wavefront coupling, weather, clouds, radiance, detector saturation/dead time, acquisition, tracking outages, and terminal thermal/structural effects",not assigned,frozen-for-synthetic-mission-screening,CONTROLLED-ASSUMPTION,V0.7; 2026-08-20; initial controlled mission-case evidence build
LINK-004,receiver_aperture_diameter_m,link,0.5,m,literature-informed engineering assumption,SRC-BOURGOIN-2013,"screening mean-loss model; excludes turbulence time series, scintillation, wavefront coupling, weather, clouds, radiance, detector saturation/dead time, acquisition, tracking outages, and terminal thermal/structural effects","[0.35,0.8]",frozen-for-synthetic-mission-screening,CONTROLLED-ASSUMPTION,V0.7; 2026-08-20; initial controlled mission-case evidence build
LINK-005,beam_divergence_half_angle_1e2_urad,link,10.0,urad,literature-informed engineering assumption,SRC-BOURGOIN-2013,"screening mean-loss model; excludes turbulence time series, scintillation, wavefront coupling, weather, clouds, radiance, detector saturation/dead time, acquisition, tracking outages, and terminal thermal/structural effects","[8.0,20.0]",frozen-for-synthetic-mission-screening,CONTROLLED-ASSUMPTION,V0.7; 2026-08-20; initial controlled mission-case evidence build
LINK-006,transmitter_pointing_jitter_rms_per_axis_urad,link,2.0,urad,literature-informed engineering assumption,SRC-BOURGOIN-2013,"screening mean-loss model; excludes turbulence time series, scintillation, wavefront coupling, weather, clouds, radiance, detector saturation/dead time, acquisition, tracking outages, and terminal thermal/structural effects","[1.0,5.0]",frozen-for-synthetic-mission-screening,CONTROLLED-ASSUMPTION,V0.7; 2026-08-20; initial controlled mission-case evidence build
LINK-007,receiver_central_obstruction_diameter_ratio,link,0.25,dimensionless,literature-informed engineering assumption,SRC-BOURGOIN-2013,"screening mean-loss model; excludes turbulence time series, scintillation, wavefront coupling, weather, clouds, radiance, detector saturation/dead time, acquisition, tracking outages, and terminal thermal/structural effects",not assigned,frozen-for-synthetic-mission-screening,CONTROLLED-ASSUMPTION,V0.7; 2026-08-20; initial controlled mission-case evidence build
LINK-008,transmitter_optical_efficiency,link,0.7,fraction,literature-informed engineering assumption,SRC-BOURGOIN-2013,"screening mean-loss model; excludes turbulence time series, scintillation, wavefront coupling, weather, clouds, radiance, detector saturation/dead time, acquisition, tracking outages, and terminal thermal/structural effects","[0.5,0.85]",frozen-for-synthetic-mission-screening,CONTROLLED-ASSUMPTION,V0.7; 2026-08-20; initial controlled mission-case evidence build
LINK-009,receiver_optical_efficiency,link,0.65,fraction,literature-informed engineering assumption,SRC-BOURGOIN-2013,"screening mean-loss model; excludes turbulence time series, scintillation, wavefront coupling, weather, clouds, radiance, detector saturation/dead time, acquisition, tracking outages, and terminal thermal/structural effects","[0.45,0.8]",frozen-for-synthetic-mission-screening,CONTROLLED-ASSUMPTION,V0.7; 2026-08-20; initial controlled mission-case evidence build
LINK-010,filter_and_coupling_efficiency,link,0.7,fraction,literature-informed engineering assumption,SRC-BOURGOIN-2013,"screening mean-loss model; excludes turbulence time series, scintillation, wavefront coupling, weather, clouds, radiance, detector saturation/dead time, acquisition, tracking outages, and terminal thermal/structural effects","[0.4,0.85]",frozen-for-synthetic-mission-screening,CONTROLLED-ASSUMPTION,V0.7; 2026-08-20; initial controlled mission-case evidence build
LINK-011,detector_efficiency,link,0.55,fraction,literature-informed engineering assumption,SRC-BOURGOIN-2013,"screening mean-loss model; excludes turbulence time series, scintillation, wavefront coupling, weather, clouds, radiance, detector saturation/dead time, acquisition, tracking outages, and terminal thermal/structural effects","[0.35,0.7]",frozen-for-synthetic-mission-screening,CONTROLLED-ASSUMPTION,V0.7; 2026-08-20; initial controlled mission-case evidence build
LINK-012,zenith_atmospheric_transmission,link,0.75,fraction,literature-informed engineering assumption,SRC-BOURGOIN-2013,"screening mean-loss model; excludes turbulence time series, scintillation, wavefront coupling, weather, clouds, radiance, detector saturation/dead time, acquisition, tracking outages, and terminal thermal/structural effects","[0.45,0.9]",frozen-for-synthetic-mission-screening,CONTROLLED-ASSUMPTION,V0.7; 2026-08-20; initial controlled mission-case evidence build
QKD-001,family,qkd-profile,prepare-and-measure efficient BB84 with phase-randomized weak coherent pulses,text,carried reference fixture,SRC-SIDHU-2022; Q-Orbit V0.6,"study fixture only; not optimized, device-backed, or approved",not assigned,frozen-for-synthetic-mission-screening,CONTROLLED-FIXTURE,V0.7; 2026-08-20; initial controlled mission-case evidence build
QKD-002,alice_basis_x_probability,qkd-profile,0.7611,fraction,carried reference fixture,SRC-SIDHU-2022; Q-Orbit V0.6,"study fixture only; not optimized, device-backed, or approved",not assigned,frozen-for-synthetic-mission-screening,CONTROLLED-FIXTURE,V0.7; 2026-08-20; initial controlled mission-case evidence build
QKD-003,bob_basis_x_probability,qkd-profile,0.7611,fraction,carried reference fixture,SRC-SIDHU-2022; Q-Orbit V0.6,"study fixture only; not optimized, device-backed, or approved",not assigned,frozen-for-synthetic-mission-screening,CONTROLLED-FIXTURE,V0.7; 2026-08-20; initial controlled mission-case evidence build
QKD-004,signal_intensities_photons_per_pulse,qkd-profile,"[0.7921,0.1707,0.0]",photons/pulse,carried reference fixture,SRC-SIDHU-2022; Q-Orbit V0.6,"study fixture only; not optimized, device-backed, or approved",not assigned,frozen-for-synthetic-mission-screening,CONTROLLED-FIXTURE,V0.7; 2026-08-20; initial controlled mission-case evidence build
QKD-005,intensity_probabilities,qkd-profile,"[0.7501,0.1749,0.07500000000000001]",fraction,carried reference fixture,SRC-SIDHU-2022; Q-Orbit V0.6,"study fixture only; not optimized, device-backed, or approved",not assigned,frozen-for-synthetic-mission-screening,CONTROLLED-FIXTURE,V0.7; 2026-08-20; initial controlled mission-case evidence build
QKD-006,source_repetition_rate_hz,qkd-profile,100000000.0,Hz,carried reference fixture,SRC-SIDHU-2022; Q-Orbit V0.6,"study fixture only; not optimized, device-backed, or approved",not assigned,frozen-for-synthetic-mission-screening,CONTROLLED-FIXTURE,V0.7; 2026-08-20; initial controlled mission-case evidence build
QKD-007,secrecy_parameter,qkd-profile,1e-09,dimensionless,carried reference fixture,SRC-SIDHU-2022; Q-Orbit V0.6,"study fixture only; not optimized, device-backed, or approved",not assigned,frozen-for-synthetic-mission-screening,CONTROLLED-FIXTURE,V0.7; 2026-08-20; initial controlled mission-case evidence build
QKD-008,correctness_parameter,qkd-profile,1e-15,dimensionless,carried reference fixture,SRC-SIDHU-2022; Q-Orbit V0.6,"study fixture only; not optimized, device-backed, or approved",not assigned,frozen-for-synthetic-mission-screening,CONTROLLED-FIXTURE,V0.7; 2026-08-20; initial controlled mission-case evidence build
QKD-009,extraneous_count_probability_per_pulse,qkd-profile,5e-07,probability/pulse,carried reference fixture,SRC-SIDHU-2022; Q-Orbit V0.6,"study fixture only; not optimized, device-backed, or approved","[1e-07,2e-06]",frozen-for-synthetic-mission-screening,CONTROLLED-FIXTURE,V0.7; 2026-08-20; initial controlled mission-case evidence build
QKD-010,afterpulse_probability,qkd-profile,0.001,probability/detection,carried reference fixture,SRC-SIDHU-2022; Q-Orbit V0.6,"study fixture only; not optimized, device-backed, or approved",not assigned,frozen-for-synthetic-mission-screening,CONTROLLED-FIXTURE,V0.7; 2026-08-20; initial controlled mission-case evidence build
QKD-011,intrinsic_qber_fraction,qkd-profile,0.005,fraction,carried reference fixture,SRC-SIDHU-2022; Q-Orbit V0.6,"study fixture only; not optimized, device-backed, or approved","[0.003,0.015]",frozen-for-synthetic-mission-screening,CONTROLLED-FIXTURE,V0.7; 2026-08-20; initial controlled mission-case evidence build
QKD-012,detector_efficiency_multiplier,qkd-profile,1.0,dimensionless,carried reference fixture,SRC-SIDHU-2022; Q-Orbit V0.6,"study fixture only; not optimized, device-backed, or approved",not assigned,frozen-for-synthetic-mission-screening,CONTROLLED-FIXTURE,V0.7; 2026-08-20; initial controlled mission-case evidence build
QKD-013,error_correction_model,qkd-profile,V0.6 retained SatQuMA logM model,text,carried reference fixture,SRC-SIDHU-2022; Q-Orbit V0.6,"study fixture only; not optimized, device-backed, or approved",not assigned,frozen-for-synthetic-mission-screening,CONTROLLED-FIXTURE,V0.7; 2026-08-20; initial controlled mission-case evidence build
UNC-001,method,uncertainty,deterministic scrambled Sobol sequence,text,analysis decision,SRC-QO-UNCERTAINTY-DECISION,"uniform screening ranges are design-space assumptions, not calibrated probability distributions",not assigned,frozen-for-synthetic-mission-screening,CONTROLLED-METHOD,V0.7; 2026-08-20; initial controlled mission-case evidence build
UNC-002,seed,uncertainty,20260820,integer,analysis decision,SRC-QO-UNCERTAINTY-DECISION,Determinism only; seed has no physical meaning.,not assigned,frozen-for-synthetic-mission-screening,CONTROLLED-METHOD,V0.7; 2026-08-20; initial controlled mission-case evidence build
UNC-003,sample_count,uncertainty,8192,samples,convergence escalation,SRC-QO-UNCERTAINTY-DECISION,Initial 512- and 2048-sample executions stabilized the positive-sample fraction but crossed the zero-key discontinuity in the median. The controlled run was expanded to 8192 nested samples without changing ranges or thresholds so all reported convergence prefixes lie beyond that observed transition.,not assigned,frozen-for-synthetic-mission-screening,CONTROLLED-METHOD,V0.7; 2026-08-20; initial controlled mission-case evidence build
UNC-004,nested_prefix_counts,uncertainty,"[2048,4096,8192]",samples,analysis decision,SRC-QO-UNCERTAINTY-DECISION,Used only for numerical convergence checks.,not assigned,frozen-for-synthetic-mission-screening,CONTROLLED-METHOD,V0.7; 2026-08-20; initial controlled mission-case evidence build
UNC-005,range:beam_divergence_half_angle_1e2_urad,uncertainty,"[8.0,20.0]",range,engineering screening range,SRC-QO-UNCERTAINTY-DECISION,"uniform screening ranges are design-space assumptions, not calibrated probability distributions",not assigned,frozen-for-synthetic-mission-screening,CONTROLLED-RANGE,V0.7; 2026-08-20; initial controlled mission-case evidence build
UNC-006,range:transmitter_pointing_jitter_rms_per_axis_urad,uncertainty,"[1.0,5.0]",range,engineering screening range,SRC-QO-UNCERTAINTY-DECISION,"uniform screening ranges are design-space assumptions, not calibrated probability distributions",not assigned,frozen-for-synthetic-mission-screening,CONTROLLED-RANGE,V0.7; 2026-08-20; initial controlled mission-case evidence build
UNC-007,range:receiver_aperture_diameter_m,uncertainty,"[0.35,0.8]",range,engineering screening range,SRC-QO-UNCERTAINTY-DECISION,"uniform screening ranges are design-space assumptions, not calibrated probability distributions",not assigned,frozen-for-synthetic-mission-screening,CONTROLLED-RANGE,V0.7; 2026-08-20; initial controlled mission-case evidence build
UNC-008,range:transmitter_optical_efficiency,uncertainty,"[0.5,0.85]",range,engineering screening range,SRC-QO-UNCERTAINTY-DECISION,"uniform screening ranges are design-space assumptions, not calibrated probability distributions",not assigned,frozen-for-synthetic-mission-screening,CONTROLLED-RANGE,V0.7; 2026-08-20; initial controlled mission-case evidence build
UNC-009,range:receiver_optical_efficiency,uncertainty,"[0.45,0.8]",range,engineering screening range,SRC-QO-UNCERTAINTY-DECISION,"uniform screening ranges are design-space assumptions, not calibrated probability distributions",not assigned,frozen-for-synthetic-mission-screening,CONTROLLED-RANGE,V0.7; 2026-08-20; initial controlled mission-case evidence build
UNC-010,range:filter_and_coupling_efficiency,uncertainty,"[0.4,0.85]",range,engineering screening range,SRC-QO-UNCERTAINTY-DECISION,"uniform screening ranges are design-space assumptions, not calibrated probability distributions",not assigned,frozen-for-synthetic-mission-screening,CONTROLLED-RANGE,V0.7; 2026-08-20; initial controlled mission-case evidence build
UNC-011,range:detector_efficiency,uncertainty,"[0.35,0.7]",range,engineering screening range,SRC-QO-UNCERTAINTY-DECISION,"uniform screening ranges are design-space assumptions, not calibrated probability distributions",not assigned,frozen-for-synthetic-mission-screening,CONTROLLED-RANGE,V0.7; 2026-08-20; initial controlled mission-case evidence build
UNC-012,range:zenith_atmospheric_transmission,uncertainty,"[0.45,0.9]",range,engineering screening range,SRC-QO-UNCERTAINTY-DECISION,"uniform screening ranges are design-space assumptions, not calibrated probability distributions",not assigned,frozen-for-synthetic-mission-screening,CONTROLLED-RANGE,V0.7; 2026-08-20; initial controlled mission-case evidence build
UNC-013,range:extraneous_count_probability_per_pulse,uncertainty,"[1e-07,2e-06]",range,engineering screening range,SRC-QO-UNCERTAINTY-DECISION,"uniform screening ranges are design-space assumptions, not calibrated probability distributions",not assigned,frozen-for-synthetic-mission-screening,CONTROLLED-RANGE,V0.7; 2026-08-20; initial controlled mission-case evidence build
UNC-014,range:intrinsic_qber_fraction,uncertainty,"[0.003,0.015]",range,engineering screening range,SRC-QO-UNCERTAINTY-DECISION,"uniform screening ranges are design-space assumptions, not calibrated probability distributions",not assigned,frozen-for-synthetic-mission-screening,CONTROLLED-RANGE,V0.7; 2026-08-20; initial controlled mission-case evidence build
